url_path,views_total,views_unique
/ItsAnkitPatel/30-Days-Of-DSA,25,2
/ItsAnkitPatel/30-Days-Of-DSA/edit/main/Day%2005/Readme.md,16,1
/ItsAnkitPatel/30-Days-Of-DSA/tree/main/Day%2005,15,2
/ItsAnkitPatel/30-Days-Of-DSA/blob/main/Day%2005/Readme.md,15,1
/ItsAnkitPatel/30-Days-Of-DSA/edit/main/Day%2004/Readme.md,11,1
/ItsAnkitPatel/30-Days-Of-DSA/blob/main/Day%2003/Readme.md,10,1
/ItsAnkitPatel/30-Days-Of-DSA/blob/main/Day%2004/Readme.md,10,1
/ItsAnkitPatel/30-Days-Of-DSA/edit/main/Day%2003/Readme.md,10,1
/ItsAnkitPatel/30-Days-Of-DSA/tree/main/Day%2002,7,1
/ItsAnkitPatel/30-Days-Of-DSA/tree/main/Day%2005/Solutions,7,1
